transaction_id,customer_id,product_id,amount,payment_method,timestamp
e88b7591-31db-4e32-98dc-b35f94c662cd,5bd21b6a-ec89-47a6-8a0a-c984f71ab247,PROD-70839,456.48,Cash,2024-01-06 11:57:08
b1429de1-7c47-4718-89dc-9b34eae3732d,f89a6643-543b-4d04-b65e-52e7c87383f4,PROD-71432,240.35,PayPal,2023-09-25 07:46:18
5dd3ecf5-898e-43e0-8517-a35a71f965b9,537696b2-c949-4373-b8c0-2b33310d70c3,PROD-36631,391.97,Cash,2024-06-16 09:53:13
1c5d552b-3635-49c6-8de5-effa77bc394e,ae1e1d03-9ffa-4c44-92c9-c8e2a6fbad9d,PROD-54663,856.05,UPI,2024-06-10 19:54:42
ab3f55c3-be95-456a-a790-e11813abb4a3,76cf9cac-df30-4b04-81ab-33e56b1e97e7,PROD-38150,free,,2024-05-01 09:23:40
4316b723-026a-49bb-9c0f-9006b4605d86,fc51be5a-2743-4a5c-91c2-ea40907d3433,PROD-06241,247.31,PayPal,2025-03-02 09:54:13
fdab1b40-af53-4d66-a798-c27926981fe2,e57b8309-5cdf-4fad-93ff-f5d6ba7051f1,PROD-97278,824.69,,2024-03-16 02:10:39
b0eaa33a-2e60-40d4-9eb7-b2c2de455ee4,0185ca2f-df7f-4b33-aef7-01e887d3ce5d,PROD-11095,521.19,  credit card  ,2024-09-05 05:14:51
7138770a-e02e-46ca-b3bf-8c53f233818f,ad02f17e-1e6e-4652-9135-9052d6ace48b,PROD-99722,813.57,,2025-07-05 07:28:17
eed3d0dd-bcfb-43fa-b36b-a19bcae5384e,f9a057d6-724c-4487-8c1e-311ae477909f,PROD-21245,890.3,,2024-05-04 14:04:44
8ce2aef8-8c6c-4809-8f40-8912114b229f,76882765-59b2-468c-bfa1-9cc0b06fc553,PROD-03451,362.52,Credit Card,2024-02-20 20:58:07
7753a287-4001-41ab-a76f-73a2eff03cf7,863e6c75-1cb8-482e-accb-8f6934560e22,PROD-53142,72.44,PayPal,2023-07-27 17:00:13
db51dbea-653e-4f8a-a20f-493f039ef96b,91c29066-a7eb-4023-b575-37179ced1c44,PROD-05347,77.54,PayPal,32-13-2023 99:99:99
890c85b1-97d6-446b-8d65-f68c321e2d90,efdd8bfa-04bd-4411-9598-484e50bb9a8c,PROD-24556,223.29,  upi  ,2024-05-24 14:37:38
386c033c-beba-4bf4-8de8-b4c8a36bb2fb,25eb984c-3755-4161-90f8-80c1842fbe3a,,332.46,n/a,2024-12-15 18:20:33
1f15a2f0-57ad-4718-a556-adf31ed57d76,dc350021-7287-486c-8616-90a05eb3f38b,PROD-35883,102.85,  n/a  ,2023-10-25 08:24:21
517f5000-8e5d-4f7d-8bbc-47cd75590d2c,bc1a31a8-4d16-4d76-ad07-fec14cda5c04,PROD-43637,503.42,Cash,2024-03-04 21:44:03
0cb38384-3efe-4cf3-8a5e-976bc058ab2d,bd6c2bb6-57b5-4183-be29-62af9402e836,PROD-77048,423.83,,2025-01-20 01:41:51
c5f16e37-089f-4ae1-b369-b6f03457b104,fbcaa22e-f98a-4244-b714-ad3ae65d0590,PROD-90067,876.43,,2024-12-17 14:23:22
f4542d45-9dcf-45de-8521-913b462da397,ce26ee84-bf44-4eab-bcc5-fe2824b918f8,PROD-00491,454.46,Credit Card,32-13-2023 99:99:99
cc4e45cf-9fea-400a-ba07-f149160be113,bae37e41-853b-46cb-96c6-3b917320224d,PROD-12761,801.39,Credit Card,32-13-2023 99:99:99
377eaf84-5b64-4c02-bd0e-e60701a30b5f,1899eaaf-881a-4355-8bde-c32aa4ed7138,PROD-33229,438.7,Debit Card,2025-03-16 21:30:02
3120c2ea-e676-4e23-bd41-11b3aa2feaa4,fc52a928-09ae-40ea-a311-03a272e019fe,PROD-38831,792.3,Debit Card,2024-10-20 15:22:44
553e36ae-0329-440d-af4a-ec11870a77f2,e7601a7b-822f-4948-ae59-c66ae6d2a5b5,PROD-29721,734.06,  cash  ,2023-10-12 02:50:21
9c83925f-72c7-4272-8a7a-48d0fd01e01b,fe4dcd65-df97-4d71-b673-6d20921a3523,PROD-99146,501.42,Cash,2025-02-22 20:43:37
,1dce4093-0f40-4ac5-b334-cd7f22480cc9,PROD-48014,652.97,PayPal,2024-02-27 04:08:04
d3f24370-b926-4396-aa70-89fb3c35a429,6106ff76-8ef2-4d5e-a7e1-1fc6636f73e3,PROD-25034,73.13,  upi  ,2024-05-15 16:13:56
3e420229-782c-4a69-bdd4-c6c7e5d78086,99296c8e-26b3-41fd-a871-0e26334c99b6,PROD-27773,283.17,Cash,2025-06-03 20:15:37
c190f188-06f6-4fcd-81fb-d60d4614df52,c70b8bd6-5447-43db-b0dc-3dbae862ec51,PROD-03484,702.75,n/a,2023-08-13 07:25:11
20e3b441-6008-4660-a473-bea9c18e2942,a9870901-d27e-4cbd-97b8-8b4d4123da56,PROD-95794,590.25,,2025-05-08 09:26:47
abf0f01c-740b-49d7-8e37-7336faed5354,a948a958-2d2b-4732-976b-10774d4411a1,PROD-05706,174.68,Credit Card,2023-08-21 01:38:43
,00a9a0e9-3b56-40db-8e83-d1975a9e4805,PROD-62761,655.46,n/a,2025-06-29 09:34:10
b00b8c0a-6bbd-46a0-afb3-f8ecbbf0b30b,ba17fa5c-bed0-4e88-8b93-5161a93ede23,PROD-74539,442.37,UPI,2024-02-24 07:30:26
c2037e7f-2359-40f5-a5b7-e5b5da8a25fc,7ce8cf00-a9e5-4ae5-842e-81d72a0e556f,,24.34,Credit Card,2024-03-05 03:51:31
e0cb8cb2-6ba4-4e77-bb2f-dea6eb72489d,0dc9b667-0bf8-48c2-868b-e121dbe3d758,PROD-81074,409.28,,2024-07-07 04:26:23
49f352eb-9f8e-4ea5-9f76-86dea02b6144,7adeb1d4-f19a-4cab-9d6d-665f22ececc7,PROD-32716,385.28,PayPal,2023-10-04 23:07:02
18f80905-7b48-4b59-82f3-4dcb9f129ecd,e2aca704-0fad-4b3e-8a92-725cff5c01b7,PROD-74562,free,  debit card  ,2025-03-01 05:56:28
3bd2f7cd-c8c2-46c9-8e03-c59e13955a0b,fffe8cb9-da5b-44ef-8174-bfbeddc9a6c4,PROD-88662,119.16,,2025-06-25 08:51:30
bdbeee99-5ff4-4a42-8df3-be15b1d4eb5a,03406779-1a6b-4c51-9591-2bb3d5b8b3d1,PROD-24282,756.76,  debit card  ,2024-09-27 03:11:05
912128b4-8774-4e87-898b-c9a7b8d65a47,fadc2390-ad4e-4df7-a0fe-4b9894f60635,PROD-38913,757.35,Cash,2023-11-04 07:46:12
d393b1c3-300d-4c66-8f36-ff410d154c93,25beb9ea-9b25-44cf-9e8e-6cda79efdf7e,PROD-77422,758.18,Credit Card,2023-12-09 12:09:01
7b20764b-6cb4-470e-bfc2-b26e28974909,5bc485b8-2bdb-4d1f-8f3f-7bb0caecf5dc,PROD-19420,108.77,UPI,2023-07-23 19:18:04
278af350-0997-4cf5-9274-37a2fc0a3bec,e301a38c-ef59-4245-baf8-fcb94456b6ce,PROD-26335,176.82,Credit Card,2023-11-09 08:20:19
559d2f52-94b5-450c-ad07-5e8cc5cf5066,da86a328-e2d8-4008-b096-6cf159b776b9,PROD-65394,123.32,PayPal,2024-03-02 23:42:03
f0378169-842f-4c6b-8928-1a39f50223c5,286c0196-ca66-407d-b9b8-28296c187b88,PROD-20618,162.75,Credit Card,32-13-2023 99:99:99
dfa1d6cd-c7b9-44c0-a32e-0443d2e5c61e,720bf30c-3635-4aa9-8037-76362e3c2281,PROD-79321,714.38,,2023-09-18 18:09:31
cd7ef5ad-ae40-4905-a68e-c29d6a38243e,c7b34345-e076-4f09-a579-b4dedf6baccb,PROD-04292,883.84,,2024-08-10 17:47:46
0f9d089e-67e2-4c25-bf58-448a98869e53,5aa8e799-9d88-4756-b5bd-dadcec22a35c,PROD-91238,141.06,  paypal  ,2025-05-17 04:17:26
c8503c18-4ecb-4e62-9291-f03fac1f0674,0da23d95-e922-4be0-ac28-e56a001debfe,PROD-65838,235.86,,2024-07-28 07:38:30
cf36c345-3b35-4038-a683-ed1cb30a505c,7ef6ff00-0324-46a1-ac34-98265cd80f90,PROD-73475,798.77,    ,2023-09-10 00:27:08
5ad0b26a-703f-426e-ab10-167a6b94ad6a,b21e4477-09f1-4c5a-aa8b-9d86b38c252c,PROD-57015,920.85,n/a,2024-04-13 07:14:13
11b426b2-f7b4-4e4c-93c8-1dba92400d7a,d17cd964-cac6-438d-94f9-80ef0eeca5e1,PROD-76434,778.12,PayPal,2025-03-29 11:27:33
895fe34e-d7e2-408d-ac9d-97c837b24867,229f798d-f652-4d7c-a7a6-9cba33dd2961,PROD-88449,830.36,,2023-10-05 23:58:21
5b4f977e-24e6-414a-b5e0-9035e2693ef0,ef18d421-0720-4455-9dcd-de5eb1266993,,888.59,Cash,2023-12-07 21:08:55
502b359d-ab61-450e-aa29-9ea49c650d8d,91be35b3-5f80-4e39-885b-a33b987bb18b,PROD-52688,689.69,n/a,2025-03-16 14:32:57
ff75acb5-6f34-4800-b9e3-79eee46c574b,5ef55abb-4efd-47d6-860d-c8fc0fb87b49,PROD-33521,787.94,,2024-12-28 20:02:20
4ec18901-14d0-4db9-8f27-aa1de0471d1e,58b9763e-26f1-4474-85fb-32b289e59b04,PROD-03308,902.98,PayPal,2023-07-22 23:35:05
661b0699-9479-4242-a1ea-379f4991c4f6,c237429f-57a7-4628-b5c5-4b23151e6e2e,PROD-16665,685.83,Credit Card,2025-02-01 16:20:21
1baf93fa-9343-48bb-91d9-6c396a554c70,7834d7f8-8c16-491e-8e97-f0df425b786a,PROD-16320,128.46,  cash  ,2024-01-09 07:48:02
15d05d07-1c32-4187-a8d4-fc747d16c76c,e9709298-293a-482d-8ab1-51f9854efb14,PROD-89436,777.71,Debit Card,2025-04-11 16:24:28
7699a287-d8d6-458b-b59d-550ee95725e5,dc9f9691-290a-4995-a3b7-22ad1364effe,PROD-45213,free,  cash  ,2025-01-02 05:17:14
,b6027a20-be2d-42d7-9dca-df29a4343f8e,PROD-40259,753.83,,2025-02-06 20:55:43
084627bc-67c9-43f4-8e46-9a73a6bc4a91,a98398c6-6bf1-44b3-ab55-d6f5ab799710,PROD-80832,244.39,,2023-12-16 04:03:23
63d8394a-bace-42fc-95bb-2eb47bce9938,6158c80e-2d1d-459c-ac65-e502269ad356,,92.35,PayPal,2025-05-03 17:41:54
54a8962f-9cec-4d81-86bd-43cdd22bad66,14004020-dcc7-4c83-800f-09c7cdc6c8cf,PROD-18062,57.27,PayPal,2024-09-06 17:04:03
ab3461c3-aa2d-432a-b5bf-e514a6cb495c,ad0fc0d1-286c-4ed6-9a26-62cfa8fcacaa,PROD-48987,681.15,UPI,32-13-2023 99:99:99
ab76203c-1b04-44b8-ae92-cd881f7daa61,331df020-f0de-4c61-aedb-3923736cd76e,PROD-30890,393.53,PayPal,2023-10-26 22:33:06
3ccdff97-5568-40b1-b42b-a3f24f6a023f,INVALID_ID,PROD-71103,473.29,    ,2024-11-04 11:07:37
7e8e176f-3fa1-477b-a3fe-b423c0d10231,1cf6933e-728a-4a5e-8eb6-6e75d942ab10,PROD-51354,59.69,Debit Card,2023-12-03 15:50:39
71da5416-c912-4035-9b27-076c0d0d59b2,46049733-efc3-47b0-ae3f-34b7dc18a4af,PROD-91001,669.54,UPI,2025-01-20 12:22:50
23f80e07-e060-4322-92b8-59bf117fdbc9,b55c409b-b756-49fe-a08c-28def876b797,PROD-96400,183.67,Cash,2025-06-12 08:49:02
8e762fea-a66e-4a11-a0fa-8193b74d27ae,a46f1c4a-6fcb-4261-bf1e-d2f41c3a6561,,320.29,,2024-02-14 19:06:23
,c6f6677a-1cc5-41ca-8ea4-27bfc414d36b,PROD-75257,845.65,,2024-10-09 03:49:31
3cd91665-f2a5-45e2-b94f-dfd89b0d2201,2ead03e8-25e4-420d-9167-5e9452293bad,PROD-76408,227.09,UPI,2024-11-19 17:10:47
cd2b3cf8-3220-446a-ba72-59b4d0dc8bb2,72241dbc-2ebd-475d-89b4-7c36c86c116f,PROD-75884,-9.16,  credit card  ,2023-10-13 08:48:00
47cac4c9-f86d-48d9-b58c-4ae3cfca4e46,6be13d93-40d1-4e19-86d5-a2175acb91d1,PROD-36539,383.93,UPI,2024-12-31 20:11:37
f2ae0e99-0499-4622-ae64-914556b9e499,3b59bc25-51c4-4c6e-ae28-c3d186534184,PROD-16989,486.5,  upi  ,2024-08-10 20:50:52
a5e1c7b4-ffa9-45f5-ad84-171a7e366c67,55bd780c-cdc2-4fe5-bcbc-1a44f612764a,PROD-43800,569.44,  cash  ,2025-04-29 21:20:02
37c13e4f-ece0-46e5-9dc7-5b70b384d443,1bd9b61e-b606-4d0b-84f1-23716c799c69,PROD-42704,538.11,Cash,2023-11-03 06:58:38
65124426-898b-4b01-8b64-d2f7aa1f5e5c,fcf483ed-af05-4cf3-9051-fb1fcea505fc,PROD-48181,94.33,,2025-04-08 01:57:37
92b11aec-2237-4472-b725-44fd49d9a542,0105f495-b842-45ff-ba65-23818d432355,PROD-27130,588.3,n/a,2024-04-24 16:30:58
c9624050-43ee-4639-8533-60a343d07aba,7e18ec10-f80a-41b9-b9be-0c73b018250d,PROD-13776,686.81,,2023-11-10 14:27:56
46818664-e31a-4c9c-b4d0-3d84321fc078,6882ab0f-fbf1-4f66-941a-bb8c8b9b1689,PROD-89526,515.65,Credit Card,2024-07-31 01:37:35
e2e0f1a8-3ea1-4887-9d1c-b982ac7062f2,60ae8a9f-ddb0-4f75-9dd0-3f8dfc6628e0,PROD-87104,923.84,PayPal,2024-06-18 04:14:10
de71fea0-f1a2-40ad-9167-10ee7a85b4b5,9aca4177-fdf7-4110-b2bd-1cd15e955a68,PROD-97252,987.87,  upi  ,2025-01-19 08:06:19
c377af50-97e2-4d96-ab80-549feb3836cf,9d1bc94a-26ae-4c20-8e8d-bace1f49eed1,PROD-88886,714.16,  paypal  ,2025-02-17 09:24:14
40a8f82a-fa55-4b51-b9ba-5ef1c313b9df,d844a82d-84f9-4d28-a2bc-86144e7f2835,PROD-18070,975.07,,2024-01-15 01:10:00
bb85a13e-9e13-4307-9309-645e5fe2bdbb,d7c6e0e7-c006-4192-b9ff-b05ddd181547,PROD-74457,955.43,UPI,2024-05-04 12:27:01
ff1c30b2-f6df-43a7-8b20-cd69b5ddf64f,0ef546b7-d2b8-4c57-b6e2-c45dd5b5f3ad,PROD-85896,681.52,PayPal,2024-12-29 22:29:26
48da474e-6c47-4e94-a74f-1c8ef7d39af1,834b9587-94d8-4bbc-aa97-079e5df248ed,PROD-67578,454.52,Debit Card,32-13-2023 99:99:99
bbd50bbe-b766-4c67-9db5-f5fdc1a43cf6,ed1908b3-143a-41e9-a753-f7a087fcb333,PROD-10113,478.59,  paypal  ,2024-07-25 13:23:11
32d93c07-c857-4d6a-9321-fa5638c4e10b,c987da98-be1c-4aa3-81e2-30120f0a0253,PROD-30347,795.12,,2024-01-30 03:21:34
e2456966-4104-4a28-96c7-0dede0a46a80,eb61563a-12b1-4c61-b039-19a3ddc5bdfd,PROD-50298,463.35,Cash,2025-03-13 10:03:05
d4493bab-2565-429e-be64-16b70be710f1,d68218a5-1156-4845-bb37-f8a6a30ecd00,PROD-67629,851.14,n/a,2024-09-02 22:08:43
fea5cb6f-34c0-46fc-bfc8-05c30be1f31b,b3dda5e2-1d8c-45c0-ab8f-10f29c50610b,PROD-28488,523.03,    ,2023-12-19 11:47:14
4bea943d-c86a-4702-9291-e13ad66ceda6,2cc02b26-3bed-4034-a315-7eaf6b6d6da0,PROD-16397,305.27,,2024-11-02 04:56:25
,74e742c4-7a93-4eed-a670-23ffa1b64e29,PROD-55482,778.24,Credit Card,32-13-2023 99:99:99
4788aba6-e8ff-4509-af9c-6b0fbac5abbb,7cb16936-a125-4ced-8599-2de85862522b,PROD-84893,580.75,,2025-02-25 14:09:44
6ac80e71-316d-470d-bbdc-247d8829ad73,1206d8a9-a134-4df1-a905-60e50d8dfa99,PROD-71057,free,PayPal,2024-04-03 10:49:02
fb56594b-393e-4025-b5c5-5a0f671ea9a8,3a38c979-4948-4d45-86e1-24cc47d89954,PROD-09533,615.67,Credit Card,2025-04-02 10:24:47
7e16e098-cc11-485d-a734-c43cec5f689b,935faa8b-bd8a-40a7-b6da-944b9874734d,PROD-38914,538.24,Cash,2024-08-10 13:56:27
cb233d12-b926-4ba3-ba43-cb3c5ad58e6b,a87a00bb-3004-47e8-9766-961ec10f1ffd,PROD-92220,486.99,PayPal,2024-04-26 05:19:11
5a5a9086-807a-42e8-8b97-6da4ff7bc6e8,1fdf722e-daf4-4e22-9ca3-4d6953d51f1e,PROD-12592,724.17,UPI,2024-01-05 00:10:08
69d805c4-2fd7-402e-b8f6-fb4a8307dc43,eec3c7c2-afda-470c-82b6-243e6e93fbf8,PROD-17045,473.5,,2025-02-19 19:00:34
87cb9d74-8567-46b4-8cb7-10a8611a46fc,INVALID_ID,PROD-99673,619.06,n/a,2025-04-25 08:14:41
b312916b-ea9e-4190-b48a-609ad5c008f0,bf67ee34-bee5-4323-b243-02aae817bf0d,,185.59,,2023-10-02 18:30:59
7269a80b-2c46-4b97-927a-b4f5183b388e,f317cacc-bd92-46aa-b2c4-5334b29782fd,PROD-50295,50.22,UPI,2023-10-07 17:20:46
cecea79f-46b1-453d-a315-a76c72389af5,d264af05-b6ea-4b99-8cfe-58c598cc7172,PROD-91001,111.55,n/a,2025-02-14 13:38:17
dbc8e3e0-22a5-41dd-85e2-fb0cb85ec015,c2f6665f-a9fb-477f-9207-1a196807b93d,PROD-61311,574.94,PayPal,2024-04-14 12:22:04
9bae00b1-6a50-45b4-bef5-bd56cd8ff0be,INVALID_ID,PROD-11585,471.01,Credit Card,2025-02-10 16:30:26
3db86fc5-143a-406b-ae39-c4596a4f695c,ca1d98ea-0942-428d-9932-bcb3c43dd8e5,PROD-80826,414.22,Cash,2024-12-02 14:54:40
a21a775c-8a78-4551-b920-636002f6cfe1,3f6736ab-b0b0-4b8c-90e2-3ec4cb88a02b,PROD-44519,156.42,  n/a  ,2024-01-13 03:01:46
677980fb-9c2f-4ba0-9a9c-c9bbaf951349,42db79a3-5a76-4e48-8307-0e6163630fa2,PROD-32318,708.8,  debit card  ,2025-02-17 21:34:58
6294c379-8144-4932-83af-291f739b83fa,adafcf39-1c24-4588-8f40-d7fda8fce3a5,PROD-43617,394.5,    ,2024-04-03 06:37:03
43e2e753-7373-4bb9-9978-e014ee945d75,b0a46613-65b7-4226-9854-a9c3ea8db141,PROD-84587,403.59,Debit Card,2023-09-04 04:38:26
15654d23-dc45-4162-8635-dc4c70261259,24ba3e39-db2f-475b-8a2a-c27c6f194581,PROD-30544,845.4,  credit card  ,2024-09-08 06:30:29
d0691817-595e-4f58-b9c5-0bd69b92530d,INVALID_ID,PROD-36815,683.99,UPI,2024-03-28 00:18:02
01893533-9667-460c-9bbd-0cc287cfcbc2,e740ee19-c93d-442f-aaae-a3a759ebaa9a,PROD-86355,602.29,,32-13-2023 99:99:99
4f44bcf9-b172-4d8b-8dd2-81a4e01cde7e,a1139155-ff76-407f-add7-549a7701dda2,PROD-21568,495.06,Debit Card,2024-05-19 01:21:22
4c015ccd-9ce1-4221-8f1c-82f34b8f8b70,e2d0f0fb-00cc-417c-b6ce-0d2d26090575,PROD-71181,930.59,,2023-07-31 03:28:35
3fb811cd-594a-4c78-9d1a-b1c10ccb6b3e,2f314f3b-048e-4318-855e-440d5ed63ac4,PROD-28169,499.41,,2023-12-12 01:24:06
c4ab613a-340f-43b1-b219-08ec714363d2,4187acf2-0b4a-4d66-b05b-7ad6181d8df2,PROD-53133,224.59,n/a,2025-04-24 17:45:17
b7343551-9e78-4662-8de1-b51284cb8794,e56793d1-6847-4358-908d-d5f7404dd46b,PROD-10248,94.62,n/a,2024-04-04 22:25:32
77d638e0-df37-4d38-8cb3-888067efd4d4,69bdec35-d14e-4310-a981-8431d6961387,PROD-58848,655.8,  cash  ,2024-10-21 17:23:55
72754651-ed9a-4ff4-bb4a-9c21f677a0fd,f3720e8e-1e50-4bcb-828f-a34f82c5ad41,PROD-52013,917.42,PayPal,2024-06-23 19:34:16
7f7fc22d-4885-4061-9b50-0e13cffb1b58,87d272c8-eb4f-4747-87a4-d188b8e6645a,PROD-68554,883.72,Debit Card,2024-08-09 10:28:59
d4841d0d-c93d-48a8-975c-b5d8cbbb52b9,INVALID_ID,PROD-39536,-1.85,PayPal,2024-07-24 15:23:08
3ff748ba-de2a-4cbe-bdc2-1def09b9cfb4,87a6b8d7-52f7-47bd-ad34-a955e247b397,PROD-61511,763.6,Credit Card,2024-06-18 08:38:12
dc6bea53-8fc3-427f-8692-1e662aaf1fc2,c5480a5d-fa89-4404-b287-530743579ab7,PROD-96014,709.95,,2023-11-13 17:09:33
3c45a837-78de-4548-b0b9-f3a21d4873db,b9d1b6a5-a340-4055-b289-24fc128e7e32,PROD-97815,323.58,Credit Card,2023-08-17 20:49:36
851ed53f-8107-4d8f-b1e3-083d5c583431,55e2ca4a-a969-49c9-b626-cb4f7df5d96f,PROD-16817,263.26,,2024-02-19 01:13:49
5978ac95-e933-44bf-ac65-9077ad5d3271,f9a4e609-e3e2-451f-aaed-c465bd1ba24f,PROD-21600,free,Debit Card,2024-10-26 10:01:02
31ea79f8-2ff1-42e6-ba1e-890672983aeb,3550a8eb-016c-4959-9a65-1d2a8df87be5,PROD-79740,419.49,n/a,2025-04-23 18:22:27
6a4ac3cc-88e9-4ffa-aa2c-3fc93e593d9c,c3905174-723c-4e76-83db-c30b57048b05,PROD-81516,668.85,Cash,2024-04-30 17:14:32
26e60eca-8da5-4310-b59a-5db6524f2d81,f8e518e2-83f2-41e7-9615-457728a403cc,,881.58,n/a,2024-08-22 10:38:57
8c8f6c5c-65f5-4ad7-8ce7-b733b961b238,56183e7d-48a9-44ae-abb2-c477983273d0,PROD-75801,552.81,UPI,2025-01-11 14:58:16
0d4ad62b-fa19-45b1-b6bd-a50b58a33495,c584985f-9e5f-4908-9be7-16f36e1603b8,PROD-42347,255.44,Debit Card,2025-02-08 11:55:25
197aac49-9d33-4656-ad09-b407deadda76,f79528c2-c7f1-43e4-8990-364b54de27bb,PROD-76724,547.8,n/a,32-13-2023 99:99:99
df937fa1-efe5-425b-a384-151917bbd03a,1b297109-5ed1-4aa5-8c1b-585ac69ce1db,PROD-08298,523.99,,2024-06-08 04:21:44
c3cb56ae-1b96-4c98-b2b9-2706f598d9a8,89a0dcba-068b-4476-a71d-4cc1cba236a0,PROD-47234,717.98,,32-13-2023 99:99:99
7ecf85eb-3a66-4466-affd-8516dac7f63f,f53a621e-09c5-446e-94e0-76db44a86704,PROD-94336,583.67,UPI,2023-09-28 09:29:47
b812288e-8840-4799-8dc8-74448d4a1e44,c9dc65fb-849f-4220-89fa-7825dee20d80,,759.82,Debit Card,2024-03-31 16:58:51
8c4fd4fa-1825-413f-851a-d4c237342397,ec08e596-ee72-438d-bb40-f748c07ec78b,PROD-54980,506.78,,2025-03-18 13:53:43
addcc79c-2c72-4f71-b8f2-323bcceb6c55,77a4b2ab-9ef4-4810-a210-eed70446191c,PROD-64063,free,Debit Card,2025-05-09 18:14:09
19a5bef4-3d12-466c-907c-bd06c9eb6a10,efdbc206-f26a-472a-b795-2594c6f9866b,PROD-47534,126.85,UPI,2024-01-25 05:09:03
6e267c8c-738d-48a3-9962-0c4fda08fee0,bb20faaa-6425-4adc-b982-f9b9daa09b4a,PROD-50782,443.83,,2025-05-27 04:21:43
be9b6db2-f65b-45a0-a97f-b39fe196bff1,1d555d16-e1a8-479a-8628-e8d567db8ffa,PROD-75179,870.81,Credit Card,2024-03-27 10:35:14
414a7ebb-eb2a-4c9f-bbe2-d40aff167025,29391770-34b4-47ad-8667-2d76687c57e9,PROD-10655,947.1,,32-13-2023 99:99:99
68131271-4939-489d-80cc-ddd665908308,af37395a-3d5a-4aa5-bbaf-cd3dcd49ee35,PROD-13529,485.26,Credit Card,2023-09-28 09:08:24
7fdd04a7-b61f-4432-b1ef-eebdf8d17c68,e1fab738-2d12-4677-92be-7d9245a5d42d,PROD-68543,522.88,Credit Card,2024-03-03 18:18:52
3e31412e-4d62-4564-853f-5b6acb571284,1a70b374-5ce3-46d4-b3cd-078a84936c2d,PROD-82594,896.57,Credit Card,2024-02-07 05:35:16
53638d52-92a8-4cd0-9aa2-c92a94b8232e,a40f82e1-a9df-4b17-b045-df1bdcbc79f3,PROD-06113,254.44,,2024-11-06 06:07:13
eaec0d4e-2f41-4f11-96e4-29cf95ae03e2,091a56ea-baa4-4a31-a4aa-8bd19fe9fb92,PROD-78998,935.69,,2024-03-03 15:58:43
6c848db7-1442-43ec-9888-6b2f3cdba908,afb02d64-6d26-4a3c-ae6b-c2aad00ad750,PROD-13963,379.02,n/a,2023-07-28 00:45:07
d87ff4ce-d4d4-4961-8efd-5308b0a69c83,816831a0-f319-4b62-9d78-0b9d58568c39,PROD-97059,879.1,,2025-05-09 12:13:20
ca0bdc47-a6ee-4f60-97ff-def9fa1b3488,c091747c-852a-4243-b78a-f7abd314e0eb,PROD-96063,240.14,  upi  ,2024-07-12 16:40:37
d561f8e1-811c-4c7c-b048-f077785434ec,fdd5e0f2-5d92-4d74-b5ff-9b47fea3f477,PROD-65416,797.95,Cash,2024-04-14 19:38:17
e066de1f-7cda-4102-a678-56072d094fff,1970c958-9d16-45e4-9051-3589257d0b70,PROD-73449,257.5,PayPal,2023-09-27 22:37:15
903bb358-f9ea-459d-adf1-44445225afa8,956d5ae0-644d-4727-8b94-6294f79fd696,,951.39,  debit card  ,2025-01-05 14:16:08
2c649132-191c-4e29-bfb1-7fe583f6c2b1,ef36cd99-ed4c-492f-8847-1f07b036ac20,PROD-93460,859.5,  credit card  ,2023-11-13 05:57:38
7dbd4c9e-60a0-409d-b51c-a76d6a611b72,457d2694-2fae-4743-afd9-e5c23d573204,PROD-77416,916.02,Credit Card,2025-01-30 14:33:03
96740ace-96ad-4781-a97e-a51dc88a25c8,05da45d2-74ed-4ddf-bf2b-fa9970635ff6,PROD-46783,164.96,Debit Card,2023-10-26 12:28:43
,2cf83fea-9fbb-4665-b3ac-374b2d4761a5,PROD-11911,495.61,,32-13-2023 99:99:99
bd124aa3-6ca6-4f0e-8e03-0934a5c544b9,2255d5dc-6783-4932-8c96-0a10f028d063,PROD-88042,711.3,,2024-07-05 11:12:50
3d615938-9775-4e37-bdcb-29a95f8db9fa,c5328c24-6786-4059-83fd-9567682ff1b7,PROD-53642,991.38,n/a,2024-07-16 00:03:36
6774cba9-6cc9-4a36-af43-4674247f2e61,3ae9ca67-0dfa-4509-9294-a6eb4a04a534,PROD-87835,437.12,Cash,2024-09-10 03:36:10
92e58bf2-fb42-4151-892e-efa9e0157a73,ae81cb62-a4d6-4720-bbb3-b5b65ea11404,PROD-25413,free,Cash,2024-08-26 16:26:34
07d638ff-7bb9-4941-94ba-8bd55e61ed39,9484f81a-08fd-408d-a033-3a60398b8fe1,PROD-55734,34.94,,2024-06-17 21:31:31
35062997-a7be-4274-95af-e0c2f1ef1be0,707bff90-3b2e-4384-bf16-ea64dc38a85e,PROD-37034,393.43,,2023-10-05 14:17:35
24b040eb-6e71-4681-b3fb-6003594c5230,709342ac-64af-4ed9-8e7e-2f89fc3e77d0,PROD-22616,749.32,,2025-04-16 10:14:46
45e6cc2d-33e7-4826-b960-8095435b7205,14384480-25f9-4056-8892-a16d3e827d91,PROD-62279,728.4,Debit Card,2025-04-21 21:31:36
6d68b01f-0df2-4d08-87ad-460e774786ef,5bc808f9-de55-4a21-a6b2-a11a1460c7e4,PROD-08774,659.91,Credit Card,2024-05-04 15:34:54
8f448afa-b2ab-4700-ae34-3b332cf812c4,11ca3622-cf6c-4466-a757-20c7b22f3f5e,,328.78,,2023-12-21 19:16:50
d0a3091d-c319-4b7d-848f-49e90abf443b,c5e160a6-1b86-4a45-8bb9-ba17286783f6,PROD-77124,511.73,,2025-06-19 09:19:58
2029b25b-1921-402f-bc98-5f7c763159ab,3b049b3c-a7dd-400f-bcc5-c450d5b4be8b,PROD-76752,981.12,n/a,2025-01-07 18:19:01
884495a6-52f2-4f73-a98e-375aacd94c31,d30ae7f6-b853-407d-9e38-80ee302ed4b1,PROD-68765,62.59,  credit card  ,2025-05-05 16:37:51
134f8ee5-ab6d-4db7-acbb-dd41b502aad1,2cf0cd2e-3604-4db5-b979-302702e4ff29,PROD-38726,943.96,Cash,2024-04-20 08:47:13
1fcf1f1b-c853-47cc-ad36-6b841427ac98,0fc8e616-da4d-4459-80fc-c1deed3851e1,PROD-78759,84.13,,2025-04-01 12:28:15
2239ac68-1db0-4ac0-9be9-779826e907fe,6e9f6ad6-c6d8-4dec-9d46-bb6de0bdd915,PROD-86608,817.99,Cash,2025-06-18 11:01:15
0e1ce172-4069-4b2d-b60c-de09ee77e852,20cf7458-f164-46bc-8e94-3475222ae85a,PROD-64965,563.88,,2024-03-06 06:36:23
7013f70d-287f-439b-896f-827a60124f68,fc2a134f-daa5-4b45-ac5e-6b2bcca1fd17,PROD-65976,472.39,UPI,2024-12-23 05:54:46
5cb2d220-328a-49ca-8bc7-5ea46711924f,da21ea51-240a-4c2c-8017-dedae2d2eda5,PROD-04915,free,PayPal,2024-10-05 15:31:30
58ac6063-30f2-488a-9806-b3dd2b914145,5dd4ff3d-f750-496e-a3b2-6b284a54fbd6,PROD-83401,450.92,Debit Card,2024-12-17 05:21:26
53be3802-c4a2-4e79-98b8-6d29a4b3c9de,9bbd690c-61df-4dea-9fec-f4dec7e2f2ac,PROD-63150,762.15,PayPal,2025-01-23 01:49:01
c6223bf6-bb57-40ab-93f5-fe6aaddeb306,242a4c16-f740-469e-891b-c9d5b1b39866,PROD-91899,936.99,,2023-12-20 06:53:38
98aec2eb-d97d-4663-8248-5d493a0fb39e,a99c04fb-0665-4401-9a2b-0900a767c300,PROD-31319,free,Cash,2024-07-16 14:41:34
e0de462c-36b9-4e4a-a218-6d581eccf3aa,8d039d92-db9e-45ed-ad98-6aea60ae1ef3,PROD-27307,925.17,Credit Card,2024-04-16 15:25:49
7505ad67-a726-410a-9454-575b2126c6cb,37f7e11c-d040-432a-b3eb-e76d085bfdb2,PROD-55821,116.37,Debit Card,2023-09-20 07:52:26
56292d59-6d1a-4007-b3aa-44c3e46cac58,d5063661-545c-4c8d-a058-192827146551,PROD-34403,-19.86,,2023-12-30 08:28:10
37e1c507-c7d1-4bfd-8a66-4987e4d2fb5c,17a86c85-f500-4ab8-9ca5-67c6d2258edd,PROD-93706,402.5,  n/a  ,2024-05-13 09:46:00
3f874cc8-bf97-4de9-ba8c-6a6791033e21,0daf5513-3cd8-40d0-842c-0b69218616f6,PROD-51215,626.37,,2024-12-13 05:07:42
871a34fd-c365-43bd-bd6d-7693be8cabd8,0f447fd1-c1d0-4672-be60-629e501cc6b6,PROD-50666,10.93,Debit Card,2023-11-12 23:14:18
0ae94ef2-fa21-440a-817d-d6236f6447f8,14f69109-e5b4-4a3d-a859-fb1a97f11256,PROD-66546,188.01,  upi  ,32-13-2023 99:99:99
b6f0f71c-0d71-4fbe-918b-4d50517b94e6,565f3220-6fc1-4fc1-84ee-2f2bb1b4d4e7,PROD-50042,362.78,Debit Card,2023-12-26 14:49:31
241be101-bd1e-413b-b7f1-3e6f4a774eb8,f140f186-9a5d-4b4c-b1df-2ed5602d6644,PROD-50572,589.12,Cash,2024-12-17 04:50:24
47357176-fa54-46f6-bdf4-57f8e2e076f8,INVALID_ID,PROD-74474,65.6,  debit card  ,2023-08-03 08:40:33
1d33cae2-c706-4616-8e58-a299261a09cb,b9d839e8-2eb3-4c7b-a128-65caf912a67e,PROD-78754,193.6,  credit card  ,2024-10-08 07:36:58
0ba427e9-8e43-4529-8611-57aae7a840c3,INVALID_ID,PROD-43676,810.8,  paypal  ,2025-07-06 17:30:42
e7a6afcf-cc39-48f5-83e5-aad06da75046,b8682ba7-26c9-4d25-a9a2-88473b4b96ff,PROD-92850,232.27,UPI,32-13-2023 99:99:99
9a813a9e-5599-486a-96a8-70c2aa3c7e2b,bd8142d6-448f-4da6-8e69-bc1bfa69d488,PROD-26244,921.37,Cash,2025-05-24 08:29:59
d6a1c2fe-bc0b-429e-b809-3e8fc63510e7,55131d9f-fba8-41af-a635-a4544e2b3151,PROD-37748,743.37,  paypal  ,2023-08-20 06:50:00
8fadcb63-d883-439d-b6df-6db97dcd5a7e,e9cf592c-029e-4579-a8cd-d1b8f9fa692b,PROD-33550,654.87,,2024-01-15 11:38:21
9be3df0b-1379-4e00-8fbc-71be411e3908,0a040508-cb08-4165-b460-e8472cfc600f,PROD-32664,809.08,Credit Card,2025-05-19 03:20:50
662a6f67-88e9-402d-8bc1-13c0f61004ca,e3fe9e36-4c79-4d38-8cf8-989fddf36d0f,,63.53,,2024-06-12 01:02:20
653a5955-1080-4e10-a329-f7bb9bf78f4f,3bfa0cc1-d9b4-4c39-8b8b-ac7407a61ec5,PROD-70974,317.25,Credit Card,2023-09-03 14:02:21
0e8c98c9-363a-4db1-ad2e-ebdabd145227,799cf326-3c40-42c6-bb09-3169fcc0b2b5,PROD-66784,33.93,  n/a  ,2024-10-05 08:41:28
3a6192d4-1a9c-410d-afb7-e5f02d1e700d,d9b2141a-084e-4d14-96ba-6fbcc0ca95f4,PROD-55859,298.4,  upi  ,2023-11-25 13:18:19
e51277ea-79bf-4619-8aed-af24ea297a23,8edf1519-7d38-4015-b8ee-4dec4e7d990b,PROD-69468,512.6,,2024-03-22 03:20:47
1399f6f5-0cab-4674-94be-5d43b6f6f593,79c30bd0-1f0f-46fd-9163-982a1c703072,PROD-16973,free,Cash,2024-03-30 14:26:58
b5323f70-6afd-40f0-a6b4-088cbee7d5d9,58fef9a9-d5ee-4b09-b9fa-172a29e9a019,PROD-03016,134.54,PayPal,2024-08-11 19:08:12
6e147552-e772-4b8e-8f47-29096acad049,35d1e5e0-4559-4274-a229-ce7f0cd678e6,PROD-80378,292.43,PayPal,2025-01-14 18:51:21
68aff408-78a3-499f-889e-9d0a681a4ca0,5baaaaf1-a305-488a-9e34-dd79f85fb66a,PROD-86626,387.24,n/a,2023-10-14 09:25:01
9a723323-c726-489b-a737-8d0f798d7b9c,INVALID_ID,PROD-67624,907.58,Cash,2023-11-22 12:02:35
,f17c27b4-4826-4411-81e6-1a5b9d16efc7,PROD-82320,788.97,Cash,2025-04-04 09:46:26
b424c857-07a9-4434-99f6-a40db87cb1a4,3da40cf5-f853-4388-bf2e-a6b250037ba3,PROD-40256,387.07,UPI,2025-05-12 13:25:34
3f78ba9c-f808-454b-8b18-0fb408da5706,INVALID_ID,PROD-14303,461.28,,2023-11-17 23:08:30
1281635e-c7fa-4bef-9ff8-a23770a5c3e5,037e20f2-087b-4846-a33e-7cfa6f89ec77,PROD-56150,787.05,,2025-06-04 14:39:15
efba3fb5-9b81-40e2-86b2-9d388a023ffa,d5c15966-ccda-48d4-84c3-da1a4cf4a11e,PROD-49459,847.38,n/a,2025-07-16 03:33:35
b0b3c28f-8016-4d14-b567-2bcdddeeee5d,8eab9916-c60f-4389-b048-5488482b2ed0,PROD-29913,206.83,,2024-10-22 03:11:15
e133b982-fd53-47fd-a77f-a23f7d54c8df,db74aa22-5915-4dcd-af76-398deeeab534,PROD-46992,30.48,Debit Card,2024-01-15 10:01:03
cde31ffd-3ac1-4520-bd34-f0d488ba87ed,a4a894a2-1e72-48c9-9cbd-d6f9b9a69776,PROD-19491,442.46,Cash,2025-03-31 20:02:04
06f5f701-bbe6-4b61-8d6a-2bb913419f59,2480429a-627d-48b9-9a7e-5e50f0222381,PROD-81596,free,Credit Card,2025-04-20 04:49:35
6890be94-53d6-420e-bd3f-6c93b8f78d7b,9b2a0a16-b8a2-4983-828e-7e320b73acb2,PROD-40897,256.31,Credit Card,2025-01-14 15:25:33
ddc81660-0e14-484c-b304-97b368abee05,5c69066e-3ddf-47c5-aaad-dd217bd70f00,PROD-10506,629.53,,2024-08-14 13:12:38
8deaa445-dd96-48d9-9b1e-6bdea4e784c9,1a022440-837b-4bf7-a310-9daabb3d848f,PROD-46162,418.49,,2025-06-09 11:23:03
175b9ada-9d86-4ecf-8edc-00f7c06ecaf0,396bd0fa-3319-4eda-aebc-f4d0edfbe446,PROD-71793,267.47,  paypal  ,2025-04-30 03:37:59
fd47e4bb-d788-4b7f-9ef6-96281fb7b792,INVALID_ID,PROD-57010,839.42,  upi  ,2025-07-11 06:17:38
3aa87ed7-ef95-47b3-9ef1-9774bd94fc81,INVALID_ID,PROD-41386,834.94,Credit Card,2024-11-28 06:02:01
1939488a-0410-449a-a01d-1662c3b7bc47,61942601-dd62-427e-a745-64632fa888cc,,366.11,Debit Card,2023-08-18 09:51:33
27ffb596-d78a-46d6-b2ff-074dccd82d3f,8c972d2b-3d4c-4ed5-a279-43cc13293527,PROD-02999,297.72,UPI,2024-03-04 02:39:01
e3f415b5-485a-4fdd-bffa-e8dab846bc27,f77fda68-4dde-4425-a2d5-41a5472fcc27,PROD-95386,686.88,PayPal,2024-04-08 15:02:03
7f732470-463b-4de8-bd0a-a7a94260e40e,54d7a5ce-0810-4657-8ace-8d19087ecc2f,PROD-63583,334.95,UPI,2025-07-03 14:04:32
cdd40ea5-d388-4606-9608-983e5173d94e,052835d0-6f9c-475f-bded-bfd432861ccc,PROD-02822,719.7,Debit Card,2024-06-06 01:04:29
f3decaaa-1613-418b-ab1f-2eed9bb631c0,d5dce3fd-d31c-41b7-a894-67d3552b303e,PROD-90740,7.73,,2023-08-23 22:33:41
efe0f352-1b3b-40b2-bda0-5c3fdbab68e3,e458114a-b220-4c8a-9aeb-f9478dfbbb26,PROD-19408,716.98,n/a,2023-08-19 01:12:24
69440c5b-3b17-47a8-9142-3ce4a0738a4c,99fe235b-00aa-41c5-9e2c-9d3a53a838f1,PROD-14246,6.88,,2025-02-19 06:25:47
ab272be7-225f-4e73-8b0d-338c1a12a9b6,554fd31d-674d-47c2-8708-d58462ede417,PROD-74052,-0.22,Credit Card,2025-05-17 07:48:57
dce1329e-c181-47ad-8504-4764b35858a2,3710bab9-ea6f-40d2-8c47-2a937b32023e,PROD-77431,97.09,PayPal,2023-07-20 15:42:29
ff1b3d54-06bb-4039-bfa4-a93e43ca2c04,f42418a6-898b-4caf-a9e7-a9f547bee44a,PROD-36719,979.6,  cash  ,2025-03-03 22:48:26
a180421a-3b83-4f32-9f8f-7cab0862e428,57a47e1e-a92b-4f8c-ad41-019fb01c7c3d,PROD-92241,60.23,Credit Card,2024-02-22 08:53:34
0c06efdf-0f9e-4d0a-b8b8-e075202cf245,bab1106a-a0e9-4d33-84de-74a4f941ac8b,PROD-63634,363.06,Credit Card,2024-05-02 05:41:01
a397fe4c-2050-49d7-8746-fd53914ef429,d12f3d0e-69cb-4cdd-adc4-6c5157d236ca,PROD-50833,224.23,  credit card  ,2024-02-15 17:24:17
7913c7d0-66d6-45b2-b6de-654b1840ef48,5f63fdcf-1890-420a-8980-4e062f8857a4,PROD-70124,888.25,PayPal,2024-02-12 05:50:30
df5ac877-483e-467f-95db-f9f0956196b9,25a58d98-a8d2-44fa-a610-4ca1877af31f,PROD-10355,259.83,Credit Card,2025-06-24 09:19:12
eeb6cf31-951e-4117-8e2b-0416dd6e05fa,921b8dce-073b-4078-8c7d-20b72da60123,PROD-90554,234.4,n/a,2023-10-30 01:34:04
f5031f34-1f4b-4dab-8590-56e668078854,INVALID_ID,PROD-75245,831.19,PayPal,2025-02-10 03:49:49
751b693a-70b0-420b-be1e-21ebdef33b73,d9041ad8-3c39-45a9-8776-afcabaf6b34e,PROD-05389,619.28,,2025-07-09 16:28:40
8de677c2-a882-477d-a1e6-bba7200fe42e,INVALID_ID,PROD-89995,87.27,  debit card  ,2025-02-10 04:28:15
,d400bcd3-872e-41c0-b514-5c3bcd995b88,PROD-68430,593.56,Debit Card,2025-05-18 15:49:06
b2667283-2127-457a-ac09-f48180de2c98,464be71c-16e6-4ec0-8194-2bf00234aec7,PROD-81786,374.17,,2024-07-06 14:26:08
075ae9c4-88e2-419e-8f72-993b0c6e7d8b,ba690bb1-9bbf-4dc9-933b-6ebb4eabaaf9,PROD-93786,694.58,,32-13-2023 99:99:99
228bd73f-6133-4243-bf94-9539e4fa2294,008e0346-e205-4d8d-95f5-173e70ef1434,PROD-05492,93.22,UPI,2024-09-27 15:34:26
9dc51454-d7e5-4e16-a050-38d2efbf77ee,3f50669e-b76c-4cf4-b06e-4609b411b7ff,PROD-95157,81.16,Credit Card,2024-05-04 11:25:55
31e1fdd2-0a76-4749-8663-101716d30e8b,cebada25-4970-449f-8940-1da7e5ec8099,PROD-30487,277.21,  upi  ,2024-02-29 07:31:11
a6b1fe38-92ad-43ca-aff2-eeda7e13b7fb,82ef9424-af0d-4be1-b51c-b8f86a7af975,PROD-53354,410.35,UPI,2025-06-01 11:01:15
9c4f12b0-5b62-4e72-b9c6-fea3c61b4f24,03cc403b-95d7-4721-992c-c3902e7c59c5,PROD-97254,-16.02,  cash  ,2024-03-07 17:03:58
ae2fecb0-23b1-440c-8e4b-8d95deaada99,64c68b56-d6f6-4abe-ad80-88500a6a7e1f,PROD-42904,902.59,Debit Card,2024-12-08 01:53:58
6eab581f-ef17-419d-8bbf-eb8fcd11038a,7b967a70-a6d1-407e-9f09-5a40420b85fa,PROD-83466,783.5,Cash,2024-07-01 13:51:45
b6ded2e7-e1f6-4af5-ad15-fca129409aa1,9cd24551-b896-4234-9ae2-69b026b6de62,PROD-65181,-15.93,  n/a  ,2025-06-01 09:30:04
947df97b-9b91-4a4e-8581-163c3ddb90a3,362a4fe2-9f92-4a37-be4c-1cc11eda54ab,PROD-05855,749.8,,2025-06-23 20:06:15
6874ee37-b434-41b8-82c7-6b82c3a52f38,1da0a8c2-8d96-4699-afab-212515ae9aab,,657.17,PayPal,2025-03-28 06:58:05
d53c389e-c0e4-42b3-b20d-25facb950b44,2b49dcff-e9c8-4927-a440-f4439533b481,PROD-45662,732.32,,2025-01-28 10:08:19
91cfa14e-a99a-4f5d-90e3-5a7ed83e4e91,50037813-b57b-4e93-8027-4bb7d50a0e52,PROD-49987,112.09,Credit Card,2024-01-29 21:22:18
2d4b2e93-bb24-410a-a0ee-e26bec11a6b2,e95d58d5-0318-43dd-8db0-3f4fe47a5795,PROD-47565,free,Credit Card,2024-11-27 19:36:48
861b66c9-7c97-4077-be03-ea4e2e28bd76,7186b538-4170-49b5-b1ad-3bbe3462905d,PROD-22862,892.33,,2025-01-26 12:26:37
,1b75997c-3c7f-4257-affd-59e0d34b1fce,PROD-52450,554.33,PayPal,2024-08-09 16:05:06
236a3efe-01df-4c12-9d79-e789842e4021,72cc078c-b4ca-4695-83d0-929725231290,PROD-34128,362.37,UPI,32-13-2023 99:99:99
2bb26075-1906-41b1-9325-5e0d71de15eb,bfab599b-4fac-4650-8591-0daa1c376175,PROD-77187,482.34,,2024-01-13 09:27:16
a3fbe7b0-2fa0-4004-9446-2c19a32e6a6b,ded49c1e-eacc-4b4c-a232-cbc6e41cea0b,PROD-90846,602.79,Debit Card,2025-06-19 23:33:16
48762f0b-7ff8-41f2-bc31-5ab70f0573f3,bd911b96-4a42-4f62-b293-ed8b6abc3fdd,PROD-51668,21.5,,2024-09-08 13:11:36
fb6ddbd2-27d8-4bcc-bd02-2ec80ae217e1,e39b768f-9321-4e2b-a044-9141646112c9,PROD-68422,648.13,UPI,2025-01-28 02:27:49
157c463c-207b-4655-a3bb-f6ce5ac38c46,74524065-fa95-49cb-b85d-26c64f90a34f,PROD-02397,438.67,PayPal,2023-09-12 02:18:37
62cedb5d-bb50-4989-9b54-118e07fc0498,43c9050d-6561-4396-98ea-9b19807f6559,PROD-49078,256.93,Debit Card,2024-02-16 16:13:36
7ec574e3-34ee-4c58-854f-1743716c7b0a,8a291a88-4ddb-427a-8054-51c945b599cb,PROD-38497,907.83,  upi  ,2024-10-29 03:06:34
5239ed18-92ee-4c59-9460-56c98a9d4cae,789ffa67-5471-42bf-ab16-2c655891ebd8,PROD-52320,634.45,PayPal,2024-08-31 17:46:44
d26c9187-4bad-465d-8cde-95dd9e0c63d2,d841376b-fa45-448a-a92f-4ea9b158fe84,PROD-76179,715.56,Debit Card,2024-03-26 15:00:00
566dae13-68b7-4a48-a807-e8f3eddd5838,7a7f9924-db48-4f5d-a886-ee0ce9b583d9,PROD-25766,845.17,,2024-01-27 02:32:58
5c72df89-b569-406d-b02d-82cce8c8774d,5fdc33f0-86c3-4a80-8473-bb82d8ab52e1,PROD-68999,846.24,,2024-12-13 12:05:36
0c095c35-aefb-49a0-8d78-4f9c5dfc88fb,1973f7f3-8b79-4bab-b569-a6ebdb7dd4cc,PROD-44519,514.33,Cash,2024-02-21 21:45:25
5dc56325-f6fb-430a-a86c-5b7f2e0ee17c,8e0e69d0-b744-4b43-9285-efc61174677a,PROD-72029,936.21,Debit Card,2024-06-02 23:28:31
ca085d86-2128-4b91-8b3a-e7f6bc5267fd,91b572b0-9492-4d96-8f0b-fb9115a78553,,-12.53,PayPal,32-13-2023 99:99:99
926e4fb0-f166-4914-80e8-2438f8328c3a,10592ebc-d947-44fb-b9e7-795b3c0ff789,PROD-63713,65.24,Debit Card,2024-06-27 08:43:19
ad64ab90-dcdb-4e52-b324-aa086fb55ed0,3118e960-a991-4d06-a3f4-afd58ad968e4,PROD-75359,315.78,Credit Card,2024-08-16 18:43:08
4e409b6f-f1a1-4aa0-8dca-4e47653e8f63,9feb2d92-9e80-469b-af10-9eb5261f49fc,PROD-27318,275.88,n/a,2024-04-13 15:32:28
52735d46-001d-4cd2-adaa-6dea88f188a4,98690ba6-2378-486f-ae4e-3405c3c2c3a2,PROD-95766,981.79,,2024-05-06 10:29:23
44c6ea2d-f8e4-41c6-bc84-c11b0d3ef7e5,e032ceca-6b6b-41ff-b12c-f798d2616fb6,PROD-91019,204.57,,2024-06-15 21:41:29
57188d9c-10ce-4eca-b1fd-325d015b3105,de35c791-26d0-4105-a451-d4a2a23b9f8e,PROD-94762,867.61,Debit Card,32-13-2023 99:99:99
a98966be-7016-4307-aec6-54bffd9155c3,3f595db7-e28f-4f44-929c-1807bba8aa16,PROD-27233,free,,2025-04-26 08:06:17
6af4d225-50cb-4f8a-80ce-3eb3ee3d421d,a78e8bc6-cd73-4ff3-b8fd-09960b92ba28,PROD-89584,633.7,UPI,2024-12-24 00:49:01
ee7079c0-fadc-425e-a904-3de1be24b0ed,1fbaeed4-c429-45d2-845b-cb65e9157fd7,PROD-80459,123.26,PayPal,32-13-2023 99:99:99
7f050191-83a4-42f2-a8ea-377f1647d800,8da2bb73-dba2-41c6-991d-d61e81bb0b1a,PROD-25485,677.84,Debit Card,2023-11-27 23:44:58
2f41a18f-876c-4dd9-a52c-9660e571ef3e,3af0ffde-3d86-418a-8d4a-abdcc51e2cf8,PROD-48193,468.08,n/a,2024-12-23 17:49:42
461590fb-c322-4e9b-aaf1-6fc68ab38d57,cb87251e-f594-4b1b-b700-12c9662d0d65,PROD-22645,361.94,  n/a  ,2024-03-31 08:15:34
9c918432-6e83-4f66-9ef5-3b92b3975f3e,d98469bf-2248-4c7f-af37-fe43d9e95010,PROD-14546,636.13,n/a,2023-08-06 14:30:07
401ad8fc-95d9-4527-a366-cca24319dea2,f77ff5c2-75a5-44f2-b123-0ff305294b20,PROD-41524,117.26,  credit card  ,2023-07-31 13:10:02
c3181281-4d6d-4675-96d4-59c2cb86ab72,1344335a-f480-4dd0-ac3a-20b0476a7497,PROD-68065,560.56,UPI,2024-05-23 14:28:04
f1e00536-8e12-4f2a-b193-d466795a90fb,8768558b-3f9c-450e-88fd-2aa2c461975d,PROD-03568,93.92,  cash  ,2025-02-22 08:55:50
71254515-8712-4778-9d0e-d94f16f1101c,d29dbe65-be10-4a17-a179-ac35832e83d2,PROD-70989,305.75,n/a,2025-07-17 11:57:00
236255d4-6a2b-4d8e-b87b-9bd31dd3884e,56684c8d-4261-48ef-b9f8-94e9c26b89bc,PROD-90449,459.32,Debit Card,2025-01-18 07:59:01
768679af-402f-4241-81dc-f45d3d26fd19,INVALID_ID,PROD-30441,788.56,n/a,2025-05-26 13:05:34
e0789da1-f2aa-4cc3-a4a5-c0eebffd189a,aea73839-4325-4cdd-b43b-ca077294bf3f,PROD-84733,873.29,Debit Card,32-13-2023 99:99:99
,795f1038-0e31-4000-9709-d6743ed62dcb,PROD-82743,603.94,UPI,2024-11-26 03:21:44
286674a5-2fbc-47f6-9699-124edbf2261a,d4e7ad19-7256-40b9-bb30-3bde9bd3d2df,PROD-74425,232.41,,2024-07-29 21:47:39
7f503b3c-ef50-4735-9101-a0c9af6a932a,f945dd14-7e6b-4f76-8225-1cefd7bb1408,PROD-30908,406.15,Cash,2024-12-26 06:41:27
ca5e506f-68f8-46c4-b560-e74dc3bed283,bbecdb94-ddcb-491c-8180-074ba0b0acda,PROD-23186,248.32,,2023-10-01 11:49:55
6839b994-6ab6-4b37-a221-60b87be68543,b8b77fdf-9d58-4b43-803f-4fe190bfa07c,PROD-76621,820.19,PayPal,2024-07-26 23:40:20
1ef5e4e3-662a-4e46-8a93-b04a155d2863,febb2d33-bd24-4c6e-bb16-ce6fcb4a7bec,PROD-26470,848.94,n/a,2024-01-22 23:14:59
59380045-7121-4b21-b2b5-5b4fd1629503,59233ff0-00e3-4f3b-aa27-228607b4eb0d,PROD-75059,591.52,UPI,2024-08-31 16:17:34
ac6874ff-dba3-4e7c-a6e8-2d75d74c1084,d4ce54c7-821e-47d1-9a78-774bbff9150b,PROD-16307,420.33,PayPal,2023-10-10 09:32:53
bcd9609b-0c3d-4d65-b8ad-e356e6897e47,08f8dc96-38cd-4907-bd57-fa38dd0e3cb5,,235.42,Cash,2025-01-29 07:27:25
6cafab58-b35e-425a-9aa3-dd486849e0b5,446ec65e-3904-4137-b5ff-1834bf4258d4,,757.33,PayPal,2025-02-01 12:07:05
b324c411-2d97-4e2a-ba56-be3604bec9dc,INVALID_ID,PROD-52763,463.52,Credit Card,2023-10-06 05:38:30
c26316b1-23fe-4b36-9ff7-6b164fcbe517,4cfa5100-c010-4d29-a060-ebdbfcf27990,PROD-91501,350.78,,2024-12-06 14:59:59
ae8a41ef-bb7b-4b86-80b8-279208754a9e,3092dc41-0440-4ca3-8e3d-53f3dabf1bd7,PROD-87321,585.97,  debit card  ,2025-06-22 03:10:20
31d939cc-ef3e-482e-9a6a-aeb613c8e5f6,cd1d9dd5-c9ed-4345-ab08-b5547070a7c5,,579.35,Cash,2024-06-22 12:33:23
,6ee056c4-af59-4615-9555-033c8134918d,PROD-15260,126.02,,2025-02-08 03:58:22
47f45e76-05a8-4b53-9e81-ddb5fb58668e,a7cb2d12-6b87-4111-a1ab-0e6aca83bf32,PROD-22979,444.3,Cash,2025-06-15 17:34:03
737ea9cd-e8b7-4832-af45-38f49b271d63,b8ad9e23-7c90-48e3-9a79-4976fdf10ee9,PROD-92110,632.45,PayPal,2024-02-04 23:39:14
a2c7e6c1-fc29-4e61-9013-c293e0407f70,064dc271-7b95-4f2e-a09d-d489ae50bf80,PROD-27660,350.35,,2024-01-29 01:20:29
8370d579-b086-459a-9169-6bba2f3334fe,eecc87e1-1057-487e-be35-4fa5aaa1e154,PROD-60184,43.28,Credit Card,2023-07-30 03:51:06
650063f6-d08d-49b5-ba69-f72d471e0fd7,f7a6f6aa-72dd-45c4-ac16-8fa81f663fa8,PROD-27613,129.06,Debit Card,2025-03-07 18:50:02
758382cb-1520-441f-a7d3-7fbedf7c4e9a,58341385-7368-4f28-80bf-3494a38d808c,PROD-64595,free,,2023-12-25 18:05:37
7951cdb5-0904-4726-83ab-b739e61b87ef,28dbb969-4c67-4b3f-a6dc-004d82832554,PROD-95931,387.07,Cash,2024-10-10 12:04:02
547043cd-cc1b-4c6c-a212-7ed1b3dcb098,12b13b7d-18c6-47b7-b549-33cf9619354c,PROD-49526,716.63,Credit Card,2024-12-31 19:53:57
b38f7e8e-5686-4e6c-8556-2b28f371c92f,9769363c-fc49-4eb3-b84d-1980b5186781,PROD-85362,770.14,Credit Card,2024-08-18 00:18:06
c540b704-4275-45ca-8193-760a49795ff3,63ad0119-eb78-4361-9455-c385bf42c848,PROD-12465,674.45,Cash,2025-05-23 02:10:05
d109d5d5-d1f5-4ce3-9ef8-0ffebdd23c55,01cafe14-04df-43e8-a584-df471e8c2207,,206.32,,2025-01-27 06:40:53
bbd6febb-7b57-403d-b66e-09c18efe7a68,8e63e4ce-4511-438b-8279-29ff9b2f032e,,686.98,n/a,2025-05-20 22:01:15
83dbca82-8ed8-44d3-b2fe-0bde022cee40,702b3631-f8d0-4f88-bafc-0780cd1fea1c,PROD-13111,123.42,,2024-08-17 01:53:49
15cfcd58-bf96-4b05-8a8a-b71594b1e0a2,a27ec6c7-56e7-4df8-8dd8-0cc930f4d9f4,,851.57,Credit Card,2025-03-18 13:43:16
05153c5b-21b9-4536-a37b-6e44b3492c51,d865b1d3-1792-4190-9e51-af48c95f17a5,PROD-26726,428.0,,2023-08-04 20:39:40
22c3044f-e66d-4576-b4c8-bf608f0ed0d1,2510805f-1a81-45e4-93ff-e34638b9238a,PROD-37200,free,Credit Card,2023-08-06 16:48:29
66fb75aa-4d79-44de-9f15-36dcb472a7b4,b9c2cda0-b137-4483-b346-0085b854d36b,PROD-42268,598.19,,2025-06-18 12:11:03
811559e1-bc3e-4b59-81d4-72654720a7e9,a6029c42-5ed8-4274-ae9e-7efa6282eeef,PROD-53881,873.5,  paypal  ,2024-06-11 22:35:49
3aeee30b-e825-415d-aa95-7c14a4562dc9,24ea8394-27c3-410d-8843-b229e364d44a,PROD-79856,39.02,PayPal,2025-02-15 21:27:13
b2a75a5c-f6b4-48c0-b337-bedf9f189c30,bf32bcac-1b40-4874-b813-bdbaae4bfe2a,PROD-20533,251.05,UPI,2024-04-13 14:52:55
b07d83a4-1c40-47d1-ad97-8329b203cdd0,4752f864-b7dc-4c14-bd4a-c826479bc2d9,PROD-22502,723.19,,2023-11-18 23:55:27
3e50d231-9f08-4e07-b8ed-02ee1edabc99,5b61d28e-de39-4223-ba0b-d6e005191e1c,PROD-26962,439.83,,2024-09-04 03:54:08
ff6a944a-1f1d-4360-8d81-bf865041cd2e,07e9ffc9-d45b-44f2-9549-9aad73c60830,PROD-30348,134.83,PayPal,2024-08-24 04:15:30
971e5c09-3f8e-4ef7-be0b-2ce95a45b37d,c0dc9e2f-a757-45cb-b3e7-680a59a1592e,PROD-01196,316.43,,2023-12-09 21:01:50
a231fa11-9e0b-4a57-a4f1-b8c359ef293a,0f1953c9-ba47-4c6a-930a-4119dccfe75a,PROD-20120,697.93,PayPal,2024-05-20 14:18:04
fce3b57a-8721-4913-a1df-9b5b391a91f9,cb4e958b-4a8b-4243-b267-fa16bbf5b03d,PROD-63535,838.64,n/a,2025-06-26 06:39:02
6c02222d-755b-4478-80b1-89df634c522d,b7e355b9-bddd-4c54-8826-e96564971d2b,PROD-59259,316.02,,2024-09-06 13:54:16
163235a8-77d6-44db-b241-b11079a16989,a8058d02-7267-42f2-be58-ac78b387bb4d,PROD-25936,812.89,Credit Card,32-13-2023 99:99:99
620e3a95-7b50-4100-83b6-2cb73b657043,c785d246-8b37-4045-9d59-381b4317e293,PROD-14519,183.17,,2025-02-23 01:25:25
27766be3-6fbc-416c-ba58-caf4cd35bdb2,54eb2068-743c-4844-abc4-96e99ce8bc81,PROD-09654,572.46,Debit Card,2023-12-11 11:18:31
8e77c8f4-402f-4a30-a962-3692ef40ad9d,8b3df9b0-b27d-4765-b1db-7d462a2d9dc4,,842.21,  paypal  ,2024-02-24 18:47:43
6fac9856-7077-4854-b696-ecd5b06304f8,17ab548d-9d26-4355-934e-b6629c0d3d1b,PROD-25784,85.6,  cash  ,2024-06-21 05:11:07
,954ad96e-962f-4488-9658-686a10651812,PROD-53820,720.14,  paypal  ,2024-05-05 10:03:48
116ae7dd-47b4-48f6-8b98-874b9ddd1a8c,1d62522d-dab6-4572-b9ee-5e36e47ccf67,PROD-79538,372.51,n/a,2023-12-02 12:11:32
25397457-49c1-4d8e-b5c8-9b1d1b9fb18b,54d74804-6ece-48d2-8727-801698ecff2e,PROD-69628,659.67,  cash  ,2024-04-08 20:14:11
a68b3a4f-e978-49b0-8369-2794ae0c5763,5c5fc229-174f-4005-91a5-7e1a01013b3e,PROD-97938,613.9,,2025-06-25 21:18:53
628e9730-35b1-45c8-af95-5598c30771e6,3e0c5252-9943-4a18-b33c-7a77459f578d,PROD-72009,205.09,Cash,2024-07-07 22:43:51
a8a02a0b-5183-4ed1-943b-ea7ed5634fa5,fd08dece-dd86-4527-a8cf-5fcdd5e821fd,PROD-37734,716.56,  credit card  ,2024-02-14 11:26:36
4d7b79b4-ddc1-4997-bbd2-177131f2a4e7,INVALID_ID,PROD-19090,590.52,PayPal,2023-10-28 11:34:42
cc1d8d51-5944-47a5-920c-fc5dca49d6d1,2bc52a2f-54b1-40b5-9895-84ad930ad6c0,,811.83,Credit Card,2024-02-05 02:11:37
bc7fdd3a-9d2a-44c5-a609-299803617382,a95607d0-8b46-4630-859b-904f44ae412a,PROD-92751,646.75,  credit card  ,2025-02-26 23:58:13
9c09e2ea-9647-4070-9cb1-f82bab960065,e14c5bcb-98d4-4f0f-8f1e-26b93e9f9e9d,PROD-95725,722.2,  paypal  ,2024-02-20 00:22:57
c68a5fe3-e9d5-4921-8715-aaf427d4279e,INVALID_ID,PROD-65019,728.9,UPI,2024-11-04 07:27:53
9e2096ae-8f2b-4419-9640-094aa40e0b35,271295ab-0b7a-4e17-b0c4-18098d6109d3,PROD-62308,316.38,,32-13-2023 99:99:99
f1401519-53d7-4c47-818c-0f15f462b37c,e67b4127-470f-4afd-adb1-f2293e6cf385,PROD-69547,340.37,,2025-03-21 06:18:53
dcfb1dae-7944-4e75-93fb-a071340f0638,720b87de-a36e-455b-a992-e3d236fe021d,PROD-38953,593.93,,2024-12-21 15:51:58
071b1457-e952-44e0-aa77-9fc2f116effc,1393faef-54a8-4cd4-b1cc-d86223d39c22,PROD-72748,318.5,,2025-01-02 10:12:48
27e3e10c-2633-4116-a8a6-44a200f30b83,3a2db08d-743b-4703-8b14-35576cb3bd94,PROD-78965,336.91,UPI,2023-12-30 16:56:31
6869a760-c3b1-4dd6-8932-e17f454a4429,7a3e31e3-0080-4197-ade9-a1cd07811f57,PROD-39729,428.1,Debit Card,2024-02-19 13:45:55
8a49005a-1ff9-4b24-a1ac-5ee8ba79215a,292d069d-0376-424c-96e0-37f972ef3820,PROD-44001,45.32,n/a,2025-04-09 13:18:23
3914558f-7d37-4f81-8f06-8cc2e5f660ae,INVALID_ID,PROD-42965,890.38,Debit Card,2024-03-16 14:09:35
a4649013-cb3e-4d2c-a1f2-03461d10388c,4285e7f0-140c-4b55-9ff9-f41a4dd6b912,PROD-14469,863.76,PayPal,2023-07-26 01:26:15
bc1375a1-50bd-406b-b3e3-07b7ef09ed33,7972866e-1a6e-4896-af23-3e468432a1f3,PROD-41563,560.88,,2025-05-07 22:54:39
319d3f2b-3073-45ab-a345-1df54bd3e840,4545a034-0d89-46f0-b9eb-f9b1d421efb2,,585.07,,2023-11-16 05:47:09
ad6eaafb-30f4-47b5-8803-962c50fde56a,f159713f-fff8-49a3-aeaa-6412e3498e9c,PROD-63701,193.94,UPI,2024-12-14 19:32:58
a8e73877-668d-4c9a-9f9d-1154e7c8b845,dc73377f-dcae-41f3-ac4a-70bbc05bcb4d,PROD-25186,free,,2024-07-03 03:15:48
f3c54590-c347-4a11-9b73-115ce1ec45db,98cc3ec6-767d-4d67-8a08-702305f40782,PROD-55541,479.12,UPI,2024-08-28 10:57:02
a6582f47-17e3-48a4-b96a-060f33178ed8,e60b48b5-9bdb-4f97-bd5d-81064b4f1f90,PROD-55962,free,  credit card  ,2024-03-03 13:19:56
5a60b9de-2de8-466d-9023-99d7616ea789,bed5aebd-d0d9-4f5a-b299-f78e22821680,PROD-82456,free,UPI,32-13-2023 99:99:99
c77070d9-6875-491d-9156-18fa218c78b5,9e29e5ce-15f1-4998-8f6f-d2e3d91fb8fb,PROD-79423,601.72,  n/a  ,2024-08-29 09:55:32
ac2310bf-9137-42e7-a29b-100ecb1a823f,54fd0bc7-7d5b-4aa6-b57b-62a6d30c017f,PROD-07755,353.18,Debit Card,2023-09-05 13:27:07
b69b9b4e-ad08-4385-8fc5-26157cb0faa7,8e3eca12-a610-4344-b1e1-90aa9c37c325,PROD-26299,135.68,PayPal,2025-05-18 10:12:11
d039c7d3-9e91-4c9d-951d-d11c679659e1,ed816355-94e3-4e06-b66b-214e960e4dc5,PROD-18084,898.32,n/a,2025-06-16 11:51:35
9711df9b-c23a-4b95-b6d6-b4e55f9c70fd,d6f42519-7398-472a-8c12-7adf2681b9a7,PROD-36845,207.97,n/a,2025-07-16 03:23:40
4f70f8b8-bef3-405e-abe2-3e9036d74206,INVALID_ID,PROD-88955,147.79,UPI,2025-05-23 17:45:55
401691de-4ea7-4840-9f73-8c45e9259f9d,e104ce7d-b952-4b21-8700-f4f35d980869,PROD-38404,529.75,,2024-08-07 06:00:20
,e623331c-d0bd-462a-bfc4-2624ef203adb,PROD-46018,562.58,PayPal,2025-02-04 10:05:15
a429001b-9e5d-43bd-a515-303bd7fc36db,311eaed9-51fa-4b1e-af94-750705f7e83c,PROD-28451,246.56,Credit Card,2025-06-19 18:13:26
c184509d-d838-4442-8ef9-a3e65d8a3f6f,0356786c-d3fb-4bc5-ba63-e93cdc4dc520,PROD-78666,352.87,Debit Card,2024-12-29 14:47:47
937e7741-52d0-433d-8036-f54dd8d8e6b4,5476dbc5-3d4e-4717-919e-bf38d586376b,PROD-44378,611.38,n/a,2024-11-13 09:12:14
06ff47a6-64e8-46fc-912a-ae7ffbbe9450,4b9dc5a0-a33b-4e20-9d17-332e58d64ca9,PROD-88304,846.26,Cash,2024-11-14 04:58:47
10c90cd4-6ab0-4c63-bbb3-201e7e22f9da,e610932f-9742-42df-a419-0b2f038b148b,PROD-10562,999.89,,2025-02-27 01:27:23
984ccf0a-fa6a-40f8-a806-5c6ca2a59c79,957431eb-06d0-46b8-968c-03778cabb344,PROD-45041,859.27,PayPal,2023-12-08 21:38:15
a0167046-1df0-40e2-8cbe-788c245233ff,ee4fb26f-4d3f-4c0c-8950-be72b0f4dada,PROD-07726,274.98,n/a,2025-02-16 13:46:28
17f57e89-7316-4fb0-b939-92a361763a70,d1e3e137-b8af-4f19-a3f5-3744cbea0a45,PROD-90092,642.78,Cash,2025-01-25 13:45:17
9d4dadc2-f1a7-4ee6-8424-6d7b4c6c39f8,6fa17045-38b5-4471-841a-462b14eb67a9,PROD-01315,299.3,n/a,2025-03-08 23:28:43
42dd7014-5da9-40cd-942a-20f357b454c1,25f9ef5b-6c89-4d09-a978-3be565ae8841,PROD-14766,113.67,    ,2024-05-27 15:31:04
b283426d-7f8e-4824-9dfa-a03471eaebdb,b4f55d96-fdee-4b50-8aaa-31c568909480,PROD-43702,627.88,,2025-01-25 12:09:07
7e2debe2-0370-4681-8571-478515687bea,e58aeb63-ae3d-4ec4-95ec-5dcfca4f23f9,PROD-67507,996.94,n/a,2024-03-11 03:16:19
ac276920-4a07-4861-996a-710de06a97fe,9fc910b7-5b76-4a66-bb4c-7c62e72994db,PROD-45969,958.16,,2025-02-02 01:10:55
e776bc8d-a78d-4f2f-ac05-ec7c20c4b914,6771fe8e-5c2b-4205-bb8c-1ef21410ec2a,PROD-81524,270.56,n/a,2024-11-04 20:59:52
81cb3959-3b19-446e-9390-d97f4c808a49,c278b35d-b256-4a49-bbde-75fdf2e66e30,PROD-40729,493.65,UPI,2025-03-11 18:44:34
69b7674b-fb4e-4fd4-9824-094702f4d1a2,65b891a6-a5f4-4bf1-8ed4-2a411156fb90,PROD-60200,318.81,n/a,2024-03-24 11:44:10
58f2bcbd-394e-40a1-92cd-7cebeb49bcdb,aaf43d47-59d9-4baf-b475-7ede049bcbd0,PROD-73290,486.83,Cash,2024-02-02 01:25:12
e697df38-1a1f-4249-b035-1bb8dc0d9970,INVALID_ID,PROD-80344,127.75,  credit card  ,2023-12-28 19:31:58
9c417d31-0dfd-4472-9b99-8ea1ec02aae1,ce0659f9-ce32-423b-8069-a8d0fa325dda,PROD-26911,926.19,n/a,2025-05-07 21:24:05
f15a004b-2956-47b3-88e7-52d91de0fe02,a03d3c27-1225-4790-ab30-3ebbd0ef4e65,PROD-79140,765.0,,2023-08-09 15:58:20
2035171d-6380-4217-a4b1-8e172430e7a7,ce2e3c1a-9daa-42c9-bd9f-039066b8eb55,PROD-65896,207.08,,2025-06-10 23:04:22
f2952a7c-80ee-4b40-95e1-ef689e33735d,1ef65091-e434-40f2-9d02-51e45837877e,PROD-12737,552.42,Cash,2025-04-06 01:58:42
93fd2ca6-38e2-4a87-beeb-3e8433cc3de4,81edb17b-ebc2-4dc9-8da3-9b0ba5c72d2f,,800.88,Debit Card,32-13-2023 99:99:99
8e97616e-2c91-4d13-882d-840f577d2483,b3ef1384-ce74-443b-8c20-561b904c8fe5,PROD-96327,7.15,  upi  ,2024-04-06 09:24:15
9d5ee346-8b90-47e6-98e0-e10bb53f157c,c7b9a526-894a-4537-8cf2-5285887bafb2,PROD-14053,17.12,  credit card  ,2024-02-25 10:48:31
2f3aaa9d-1a96-4696-a19f-baf5c1443acd,6ed9a679-9a33-45d6-a3eb-8d6820a51877,PROD-89857,715.85,Credit Card,2025-03-23 09:13:45
2c65bb2d-b5a6-4fb8-ab25-e3870e90fefa,INVALID_ID,PROD-80599,free,,2023-12-08 06:55:10
,590a3ea6-8991-456a-8fc2-59fcf5fa6393,PROD-87280,329.45,n/a,2023-12-31 13:38:34
c0d78424-2c5d-46cb-9d52-0fc44e7e3188,519a7f2b-b618-4cce-8ecc-0d60f89ac409,PROD-75518,609.45,,2023-10-18 02:24:56
db6d59c6-25a3-4d67-ba77-8b7f97bc901b,INVALID_ID,PROD-39815,511.68,,2025-03-23 18:12:47
74655431-ea02-45bf-aa11-2c2be89feb33,f5354c64-7b02-435c-b5ec-467e6472b619,PROD-67074,free,UPI,2023-10-07 09:59:29
3bf9ae04-62c7-4cf3-92a2-743f0cf40811,8b65bb44-032a-4bfe-b967-f811bc0e8666,PROD-56036,381.85,PayPal,2025-06-21 06:19:42
d2d7da7c-31fe-4fb0-a0db-6a64bfc2ac11,955451f9-958f-453c-9e26-d09d1cd9f6c3,PROD-75044,937.73,n/a,2024-04-13 09:48:37
441a6f80-e61b-42f8-8c5a-46bde2796587,ba5bddba-49ff-4fc2-9d5e-f26c713d8f83,PROD-40981,893.6,UPI,2024-08-06 09:43:55
f475db2b-f096-42a9-868c-1da3a6bff52c,e22da803-641d-4fe1-8d28-52c2a7615bea,PROD-95141,804.08,    ,2023-12-18 15:50:43
f285ee57-c412-4366-9531-0701fcae0c9a,ba290848-c800-4ca5-8d09-540d69223212,PROD-04744,189.02,,2024-04-03 14:36:58
0034ff16-83ed-4b02-869b-6b2b31fee29b,INVALID_ID,PROD-13378,976.02,Credit Card,2025-06-17 14:11:24
fe763a49-144e-41ac-9d6a-be8b0f3b9c6b,5b2293e5-498c-4da7-829c-014858d760c8,PROD-60391,free,  paypal  ,2023-09-28 18:30:09
ca4b1819-e4fa-420d-8802-700bc4601f18,INVALID_ID,PROD-63068,618.45,  debit card  ,2023-11-29 22:41:33
18046611-3bdd-4092-88c7-c36daaf74b37,6c7183f7-d5ee-480d-a7c1-5eb5e6745181,PROD-61405,399.59,n/a,2024-12-23 16:56:45
68aed3b1-3223-46c8-a241-06bec2d8b6fc,10a1bb72-2520-4ec4-a92f-9e2e6263f5f8,PROD-04045,946.54,Debit Card,2025-03-25 00:00:05
f4982b65-1d35-476d-9083-a134e32ede94,34555b55-d1be-4fbd-be3a-0f05679a6f6d,PROD-32068,799.34,  paypal  ,2024-09-07 15:31:37
daa283ad-7824-4da6-9499-cf46de09f215,2275c03e-9017-496b-9441-a7351160e6ff,PROD-60242,846.85,,2024-05-21 12:21:41
15c4b00e-36ee-4ebb-9169-076881f7ed25,b0c71037-c7d9-468a-8232-2dde8dec4836,PROD-16064,43.9,Credit Card,2023-11-14 00:13:30
b8c4e8f6-79d9-42c4-b814-7dba51ca7aea,46c5eb71-cd4e-4179-bbd6-9bed4bb6b0c1,PROD-37179,787.08,n/a,2025-04-13 10:55:47
f0dcc33d-9ed2-43f0-9741-14f0adc81131,e0446ee8-442d-44d8-9889-7f055ea14efb,PROD-58783,615.35,PayPal,2023-11-23 08:12:03
e157d7d4-bc87-4c21-a957-be2d639cbd01,95bb2178-aa6f-42ae-9e9d-3ef336f55f65,PROD-27844,842.71,Credit Card,2023-09-13 22:42:45
3192d53c-7ac4-4251-a4b7-6f94fe2ae36e,398d8907-3421-483b-ae0f-c8ff23a0f3a8,PROD-27921,852.97,  n/a  ,2023-11-25 18:39:25
601f8911-1ca4-4e78-be2f-45ef934c2797,fbd227d7-b73a-4f26-a299-e0aa3d80934d,PROD-41051,324.98,,2023-10-02 20:40:03
2f2786b7-aee8-4652-aa03-9bbd0e6309e3,32d0422c-dda6-475d-8a3b-a20a387f1aed,PROD-53442,86.52,,2025-05-13 20:10:59
1a2beef2-f09b-4f10-ae0a-85d350a4532b,66ab64cb-d23d-4a11-8173-d7035ff9b5bf,PROD-28698,207.65,Cash,2024-05-19 03:39:43
c565234d-de1f-42b3-81d2-3790c2903a1f,1291b891-46c3-4221-bb08-3dc110cbd16d,PROD-36113,702.31,  upi  ,2025-04-28 20:42:59
3e3c0bea-b370-4b73-9b94-1f672694ac43,e569880d-f812-4e9e-8230-b98f23af444a,PROD-84993,free,Debit Card,2025-05-24 04:55:17
748a6de7-8285-47f6-b075-bdbe35b6bf78,62f868a5-41d6-422a-be7e-b3a4b7ba59e7,PROD-06061,876.4,  debit card  ,2023-10-22 19:16:29
be335537-7221-4580-8659-836192bbc45e,a2cef8f4-8b69-4f92-b3df-80cd3960ee6f,PROD-66293,-2.46,,2024-04-19 17:20:12
9107868f-206b-4990-a8b6-1e8465d3e2df,91f130d3-a443-4c6f-bb31-c961f244f88d,,189.66,Credit Card,2024-08-21 10:14:16
72e7369b-908a-4f72-b957-f9dabf2de437,fd224863-a0d4-4b1e-af20-6c56092270f8,PROD-44719,free,Cash,2025-03-04 17:04:57
29ff3855-33c1-4417-a5eb-0ddbf815e45b,ff9564df-5a90-428e-88bf-48235398bac5,PROD-31284,627.73,Credit Card,2025-05-12 07:24:48
918a8e67-a7ab-478d-919e-34bbca06688d,93d514a7-89e0-4d4f-a7e1-e2c431d25c42,PROD-34188,910.64,Debit Card,2025-01-11 22:53:14
,e39a3555-9ecc-47e2-9b2a-0f56181735c5,PROD-12601,909.1,Debit Card,2024-07-03 21:06:35
12062cb7-7858-4805-b022-54568b45f5a7,89a8a571-655b-4d2b-828f-e7e92284a32c,PROD-85973,954.56,,2025-01-26 03:28:59
d6b6f412-38b2-4996-affe-108f7677fea5,6d6b610c-3f92-4b72-989d-b6c9069730e7,,399.05,,2023-11-10 04:40:16
6074d9f4-e2d6-4385-86c2-98a0a718e634,534d6daa-260a-4032-a8ef-486b0c946419,PROD-91518,free,UPI,2023-10-04 04:15:40
882cc651-4f16-4b8e-ae55-d7425a4e989c,c205b582-705d-4328-9b8d-16b719f18c2d,PROD-93013,682.93,,32-13-2023 99:99:99
c9599463-7932-4009-b9cf-6f95476e72fa,28f840c6-cd6e-40b3-9a72-74b8fb3b41ce,PROD-44355,261.99,  cash  ,2024-04-18 16:44:04
98fd75b6-b583-4866-a79a-6ada402283a8,dac08031-17d4-404b-b653-63ce6d108a72,PROD-36544,251.64,n/a,2024-07-23 07:27:28
a6281636-1406-455f-a363-a27f463dd025,b7d72453-258b-4d32-b9b7-9501c9808f5b,PROD-77748,731.17,Cash,2025-02-04 20:48:59
295d4760-6860-4252-b2ac-f78874e41fc4,c67b8838-b48c-4ae4-9ce8-ee74b7904938,PROD-80604,992.7,,2025-03-08 07:47:02
da86c594-6e8c-4f78-8ccd-97a9ac0fe601,915cf155-d52b-445d-90a2-1bfb5e5958a7,PROD-17705,994.55,  paypal  ,2025-05-20 08:28:53
d89ae088-fc07-4ec6-a1fd-8b34d0e5edf5,f2c0aa99-89b4-4d66-84ea-cbac95e1f745,PROD-42175,281.08,Debit Card,32-13-2023 99:99:99
412526c3-eb0b-4dbd-aa6b-530154740d01,78a29392-947c-471a-b934-ee140deeaa5e,PROD-77306,863.13,n/a,2024-09-24 10:24:30
caac32fb-a103-42e2-9aae-b0ab7031fea9,5fe6224f-0bf2-4900-a87e-14780a4d786b,PROD-40008,362.4,,2024-10-02 08:24:44
9076f2c1-c87f-4d9b-a269-428cb2231f18,fbe660ba-3264-47d7-b341-e0e5de5fcee4,PROD-99655,865.03,  debit card  ,2024-12-13 11:17:58
66810b8c-2c07-44ec-95fa-9e8fe435e73d,2d432cfa-d815-4511-8d5e-604465b557a7,PROD-85695,227.97,UPI,2024-02-20 22:58:26
74b2f8f6-82fb-4bd3-bbf9-ce76f4fc544e,9c496e66-aa04-4318-8f40-a9d3db49c33d,PROD-22664,444.34,  cash  ,2024-06-22 05:59:32
,1013b9f1-9d30-49fc-9617-c2e42f305da1,PROD-89917,260.3,Cash,2024-05-21 17:38:46
8a0fcc6b-7031-41f4-9749-57320c3c3569,e01068b7-b009-4956-9808-7a41d537a2a1,PROD-80577,109.17,Cash,2024-11-16 18:56:32
4304305b-edb5-4ab8-aa7e-2e75edc37221,aea7049c-c54d-4d2f-b5bb-4fe94fa1c31a,PROD-29894,291.28,,2023-09-17 11:45:11
63187ac9-954a-467a-a931-ccbe4a3dd54a,a18ed532-ebb6-46a5-ab5a-851921d960ce,PROD-67661,340.84,Cash,2024-03-19 04:29:03
114ab0dd-169d-4ab8-a52f-393e85612bfb,61d9417f-f00c-4eb3-8758-c39e3f5afe4f,PROD-06350,569.02,Cash,2024-04-15 03:00:44
e1e88f25-5b71-4bdd-bac5-e9d2dba2f2ab,5f9e9f36-7f81-476d-bd8d-ca4592618346,PROD-79274,127.84,,32-13-2023 99:99:99
64eb663e-fde7-4327-bae2-63e9d3cea812,acd3dd62-6e63-4bc4-bab9-ff331300d535,PROD-02873,328.37,,2025-05-01 23:22:29
dda080b4-0201-4581-a561-8c9845768a88,6c121525-a5b6-431d-a634-84776cb13a0b,PROD-95741,415.97,  credit card  ,2024-04-10 09:33:31
e1d47524-ca78-4b10-992b-7b5501428964,15871e11-d848-4e17-9458-bf276826f761,PROD-83937,347.07,Debit Card,2024-11-28 08:35:37
d54082c6-1d20-4b86-82b9-d1a5b6c7e191,d8224018-7c50-4fc4-a780-1b82739ce1ad,PROD-65765,572.76,  cash  ,2024-10-07 09:14:40
862635a6-a694-4310-bb64-078e9610ee03,d98205cf-74be-434b-b6fc-ef8f253aa28b,PROD-87765,798.51,UPI,2025-04-15 02:01:48
b253635e-ac68-4b73-82dd-7b67d3b04a88,79302a67-e78c-412d-8766-0ecdad7a8f25,PROD-05248,589.57,,2023-11-11 15:21:41
0bf43eeb-2729-4268-bdd9-77bc93ae0591,1d5e5f30-f274-43d7-8212-a7c7bfee23e6,PROD-96578,267.57,UPI,2025-02-28 02:36:45
a6fd2147-0758-4b69-b84c-7cfdd006f1d0,c168f27c-3b95-4b7e-bd71-dd6fdcffcfe4,PROD-92251,446.2,UPI,2023-08-16 16:04:46
98da7df9-5a3f-476e-9d82-1521f1df3bf1,ea262e4c-44f8-424f-a68c-d8248e43e6ac,PROD-77583,762.9,Credit Card,2024-06-30 02:18:16
9e45d039-5ef0-4fb5-b7e7-49d3fa4976e6,c7c73c9f-0e29-4b58-8b73-e6da542c0db1,PROD-21564,559.18,,2023-12-12 23:24:41
82d8f88e-9c18-4af3-a6b4-d300d5370250,511a9a47-8394-41db-ae1a-f0c6335adb8d,PROD-15891,528.67,UPI,2025-02-21 02:46:10
032e55fc-ce1b-457a-9291-f2754f60d3e6,98009b28-04dc-46d7-999c-8bd665457da7,PROD-84668,460.66,,2025-01-21 07:18:34
970de5d2-6be0-4f07-a353-b42a68ac88b6,INVALID_ID,PROD-94741,86.31,Credit Card,2024-04-27 02:34:45
,INVALID_ID,PROD-40804,778.85,Cash,2024-03-01 08:24:17
2adc642d-1d8b-42eb-a487-3417278886fb,f2e8477a-c998-4b2e-af5c-39795e9abf2d,PROD-37869,155.43,    ,2024-02-02 11:47:48
70c47a5c-7847-42d0-9bb9-421dc549df2b,9233f324-c306-4201-a037-def4ad9da20c,PROD-44179,473.97,,2024-07-11 20:40:50
a625db5d-3ac9-474b-9efe-e68cb5e9a6f5,79a4a83d-86d7-4dea-bb10-6bdbb5f342cb,PROD-70494,292.83,  paypal  ,2025-01-04 11:18:45
752f015e-9d2d-4ed0-83d0-e35053bdc805,d4b3dfd3-5aaa-48cf-9d08-e80bdd95261a,PROD-82095,385.04,,2023-07-20 17:14:03
59116766-405f-4dc8-9957-9fa27fc3375d,3e78c6ac-7c74-4884-aaad-b6f4d18fee2e,PROD-51423,964.95,,2024-12-27 23:27:59
851ae453-1beb-4fba-8afe-6182e14fadb7,65ba356f-4f50-4e67-822a-7ea2303fc2f7,PROD-06021,746.01,UPI,2024-02-10 05:17:57
12f63595-64c9-46d7-bc58-8e02bc4b1988,26870c96-3c9d-4656-841d-6b308b0cd1d6,PROD-14103,399.28,  n/a  ,2024-04-24 06:36:22
953a6c02-93a1-43f5-82a9-801ffc41ee50,d052406b-fd85-4678-a74a-1f9867b0c997,,209.07,Credit Card,2024-09-11 15:56:46
3761d49a-d613-4d50-8e9e-f88ed80074c2,e7f1b5e3-ffbf-4d1c-a800-af25efeb66b1,PROD-06492,164.95,,2025-01-31 22:56:53
83312b9e-a216-4ffc-889d-5f19d6cf5c22,d0799d34-454d-4daf-9eb4-29f53658cb56,PROD-41360,30.54,,2024-06-21 12:37:46
6d02f631-f1d4-4349-8969-acabfc5ed6bd,INVALID_ID,PROD-53753,647.29,n/a,2023-12-22 02:00:13
f05ec2c4-8040-4e4e-b6d6-7e74910b20d9,198d4e87-d86a-4203-bf96-5202dd5adee2,PROD-92673,571.07,Debit Card,2024-08-08 04:08:08
75dfed4b-c38a-4141-9e1b-da3c50ed24aa,e8d554ba-6765-4073-8648-ba7c53160e8e,PROD-84559,96.05,,2024-11-25 22:49:41
f502460b-f15b-4e66-930e-d3cc28d78975,264798fa-26b8-41a3-8462-f892f2f00a66,PROD-83997,391.27,n/a,2023-11-09 23:05:49
d5a90ca2-6680-4e6e-a470-08b4987f09ea,acf4ff6a-1a2a-4678-bfcc-ae6de966e4b8,PROD-03680,770.21,,2024-02-18 08:00:46
fe62ec17-a91e-4694-9169-a793792bc94f,ed2d1191-5c06-4a3a-b328-f3e9026d4ee5,PROD-53080,902.57,  credit card  ,2024-05-21 21:10:22
d914c89e-2adb-4146-92c1-7ca4a69b3b78,1d784de5-4d51-4e0c-8292-25d6aea1cbbe,PROD-81418,free,Debit Card,2024-07-29 05:29:08
fdd77521-d295-4643-b06d-2db5978dc4f6,03262a06-f924-4d42-9d40-d9363473bcb8,PROD-49150,645.35,Cash,2024-11-10 19:44:53
abed218b-7e50-49ac-aabe-8f109b0d3daf,03801c9d-c61b-46ac-8543-731fe8e474e3,PROD-75043,339.58,UPI,2024-09-17 18:33:12
f2e132fd-5360-457b-920c-60d6e3ced012,6b31ed89-52b2-4c95-94b0-23b333367fc5,PROD-75838,358.27,n/a,2025-01-08 02:01:45
c042a0e2-f3c1-4b93-bf30-3e2148790db9,1631433b-63f7-401f-9cad-42a955362fe7,PROD-08429,644.22,Cash,2025-07-03 21:11:38
fceb398c-4efc-4e05-827e-3748d94be257,c2269137-6a3e-453c-a0e7-ca9d0b85f032,PROD-02896,62.27,  upi  ,2025-02-23 22:08:17
